"1639135413228","","","","",""
"1639135413256","","","","",""
"1639135413282","","","","",""
"1639135582836","","","","",""
"1639135582864","","","","",""
"1639135582907","","","","",""
"1639135693045","","","","",""
"1639135693066","","","","",""
"1639135693124","","","","",""
"1639135840806","","","","",""
"1639135840831","","","","",""
"1639135840853","","","","",""
"1639137024200","","","","",""
"1639137024226","","","","",""
"1639137024247","","","","",""
"1639137138511","","","","",""
"1639137138538","","","","",""
"1639137138562","","","","",""
"1639137500251","","","","",""
"1639137500270","","","","",""
"1639137500286","","","","",""
"1639137530381","","","","",""
"1639137530400","","","","",""
"1639137530418","","","","",""
"1639137540428","","","","",""
"1639137540457","","","","",""
"1639137540504","","","","",""
"1639138063626","","","","",""
"1639138063644","","","","",""
"1639138063663","","","","",""
"1639138137540","","","","",""
"1639138137565","","","","",""
"1639138137585","","","","",""
"1639138193304","","","","",""
"1639138193383","","","","",""
"1639138193493","","","","",""
